sample,r_over_R,vickers_HV
A_550C,0.000804218,193.83
A_550C,0.00814941,194.143
A_550C,0.019188,195.748
A_550C,0.028374,196.383
A_550C,0.0394067,197.663
A_550C,0.0522682,198.616
A_550C,0.0577905,199.582
A_550C,0.0706639,201.184
A_550C,0.0890239,201.804
A_550C,0.101879,202.432
A_550C,0.118428,204.353
A_550C,0.13132,206.93
A_550C,0.151521,207.871
A_550C,0.162541,208.502
A_550C,0.177279,211.725
A_550C,0.193822,213.322
A_550C,0.208513,213.947
A_550C,0.223209,214.897
A_550C,0.236071,215.851
A_550C,0.241593,216.816
A_550C,0.25449,219.717
A_550C,0.267346,220.345
A_550C,0.272862,220.986
A_550C,0.283889,221.942
A_550C,0.300414,222.564
A_550C,0.318804,224.807
A_550C,0.331689,227.059
A_550C,0.350055,228.003
A_550C,0.364769,229.927
A_550C,0.377649,231.854
A_550C,0.390516,233.132
A_550C,0.396027,233.448
A_550C,0.408888,234.401
A_550C,0.416239,235.039
A_550C,0.421767,236.328
A_550C,0.436476,237.928
A_550C,0.451178,239.203
A_550C,0.464046,240.48
A_550C,0.473243,241.764
A_550C,0.491615,243.033
A_550C,0.511846,245.598
A_550C,0.526536,246.223
A_550C,0.546761,248.463
A_550C,0.559622,249.416
A_550C,0.574325,250.691
A_550C,0.587186,251.644
A_550C,0.60557,253.562
A_550C,0.622119,255.484
A_550C,0.631311,256.443
A_550C,0.642338,257.399
A_550C,0.649701,258.686
A_550C,0.660733,259.966
A_550C,0.673583,260.27
A_550C,0.680946,261.557
A_550C,0.691979,262.838
A_550C,0.702993,263.144
A_550C,0.710357,264.431
A_550C,0.7269,266.028
A_550C,0.737932,267.309
A_550C,0.7508,268.586
A_550C,0.759986,269.221
A_550C,0.776529,270.817
A_550C,0.787555,271.773
A_550C,0.800429,273.376
A_550C,0.813296,274.654
A_550C,0.829839,276.25
A_550C,0.842707,277.528
A_550C,0.85925,279.125
A_550C,0.873958,280.724
A_550C,0.892348,282.967
A_550C,0.905216,284.245
A_550C,0.921765,286.166
A_550C,0.93462,286.794
A_550C,0.951175,289.04
A_550C,0.965877,290.315
A_550C,0.978745,291.593
A_550C,0.984261,292.233
B_650C,-0.0103833,184.108
B_650C,0.00063146,184.415
B_650C,0.0226551,184.703
B_650C,0.0355345,186.631
B_650C,0.0520478,186.604
B_650C,0.0740893,187.867
B_650C,0.101629,188.796
B_650C,0.127329,189.404
B_650C,0.147553,191.644
B_650C,0.162238,191.944
B_650C,0.186096,192.23
B_650C,0.21366,194.458
B_650C,0.232014,194.753
B_650C,0.252232,196.668
B_650C,0.266911,196.645
B_650C,0.283436,197.267
B_650C,0.307301,197.878
B_650C,0.323838,199.15
B_650C,0.334852,199.456
B_650C,0.355065,201.047
B_650C,0.369773,202.646
B_650C,0.395473,203.254
B_650C,0.419349,204.514
B_650C,0.43588,205.461
B_650C,0.465237,205.414
B_650C,0.474441,207.022
B_650C,0.498311,207.957
B_650C,0.522182,208.893
B_650C,0.547887,209.825
B_650C,0.573598,211.082
B_650C,0.599297,211.689
B_650C,0.621345,213.277
B_650C,0.643392,214.865
B_650C,0.66174,214.835
B_650C,0.678277,216.107
B_650C,0.705829,217.685
B_650C,0.720508,217.662
B_650C,0.738879,218.93
B_650C,0.755411,219.878
B_650C,0.76826,220.181
B_650C,0.790308,221.769
B_650C,0.804986,221.745
B_650C,0.81786,223.348
B_650C,0.832556,224.298
B_650C,0.847234,224.274
B_650C,0.85458,224.587
B_650C,0.885789,225.51
B_650C,0.909648,225.796
B_650C,0.935377,228.027
B_650C,0.951902,228.65
B_650C,0.972097,229.266
B_650C,0.977631,230.88
