sample,r_over_R,ferrite_grain_size_um
A_550C,0,10.5529
A_550C,0.0068081,10.2706
A_550C,0.0200771,10.1294
A_550C,0.0299132,10.1294
A_550C,0.0415429,9.98824
A_550C,0.056297,9.98824
A_550C,0.0696046,9.81176
A_550C,0.0861138,9.70588
A_550C,0.102623,9.6
A_550C,0.112613,9.45882
A_550C,0.130723,9.38824
A_550C,0.142353,9.24706
A_550C,0.155583,9.14118
A_550C,0.172054,9.07059
A_550C,0.182044,8.92941
A_550C,0.192035,8.78824
A_550C,0.193674,8.78824
A_550C,0.206827,8.75294
A_550C,0.218419,8.64706
A_550C,0.241639,8.4
A_550C,0.248235,8.36471
A_550C,0.263105,8.25882
A_550C,0.281331,8.08235
A_550C,0.2946,7.94118
A_550C,0.317666,7.83529
A_550C,0.340926,7.55294
A_550C,0.357473,7.41176
A_550C,0.388814,7.23529
A_550C,0.400482,7.05882
A_550C,0.422025,6.84706
A_550C,0.438534,6.74118
A_550C,0.468235,6.56471
A_550C,0.479826,6.45882
A_550C,0.494581,6.45882
A_550C,0.530993,6.14118
A_550C,0.542469,6.14118
A_550C,0.559094,5.92941
A_550C,0.575564,5.85882
A_550C,0.593713,5.75294
A_550C,0.610222,5.64706
A_550C,0.625169,5.47059
A_550C,0.643279,5.4
A_550C,0.664667,5.32941
A_550C,0.679614,5.15294
A_550C,0.68945,5.15294
A_550C,0.700964,5.11765
A_550C,0.717628,4.87059
A_550C,0.744012,4.72941
A_550C,0.762199,4.58824
A_550C,0.778631,4.55294
A_550C,0.793423,4.51765
A_550C,0.814889,4.37647
A_550C,0.829836,4.2
A_550C,0.854658,3.98824
A_550C,0.88108,3.81176
A_550C,0.887676,3.77647
A_550C,0.899229,3.70588
A_550C,0.922295,3.6
A_550C,0.93053,3.56471
A_550C,0.956991,3.35294
A_550C,0.971784,3.31765
A_550C,0.983298,3.28235
A_550C,1,3.14118
B_650C,0,16.5176
B_650C,0.0151591,16.1294
B_650C,0.0301061,15.9529
B_650C,0.0599229,15.6706
B_650C,0.0749084,15.4588
B_650C,0.0996528,15.3176
B_650C,0.119634,15.0353
B_650C,0.144494,14.7882
B_650C,0.157724,14.6824
B_650C,0.177666,14.4353
B_650C,0.197531,14.2588
B_650C,0.207483,14.1529
B_650C,0.217358,14.1176
B_650C,0.240733,13.7294
B_650C,0.265516,13.5529
B_650C,0.290415,13.2706
B_650C,0.313597,13.0588
B_650C,0.340174,12.7412
B_650C,0.358284,12.6706
B_650C,0.374986,12.3882
B_650C,0.394889,12.1765
B_650C,0.413115,12
B_650C,0.442893,11.7529
B_650C,0.464436,11.5412
B_650C,0.495892,11.2588
B_650C,0.514079,11.1176
B_650C,0.535622,10.9059
B_650C,0.560598,10.5529
B_650C,0.578631,10.5529
B_650C,0.593462,10.4824
B_650C,0.611688,10.3059
B_650C,0.638149,10.0941
B_650C,0.653018,9.98824
B_650C,0.666249,9.88235
B_650C,0.691109,9.63529
B_650C,0.709257,9.52941
B_650C,0.727445,9.38824
B_650C,0.745593,9.28235
B_650C,0.762179,9.10588
B_650C,0.787001,8.89412
B_650C,0.805188,8.75294
B_650C,0.826615,8.64706
B_650C,0.843202,8.47059
B_650C,0.859749,8.32941
B_650C,0.882932,8.11765
B_650C,0.90108,8.01176
B_650C,0.912633,7.94118
B_650C,0.925902,7.8
B_650C,0.937454,7.72941
B_650C,0.950646,7.65882
B_650C,0.963992,7.44706
B_650C,0.970665,7.34118
B_650C,1,7.12941
