sample,eng_strain,eng_stress_MPa
A_550C,0.00115074,200.01
A_550C,0.00085928,206.572
A_550C,0.000855503,213.137
A_550C,0.000852565,218.242
A_550C,0.000851725,219.701
A_550C,0.00084543,230.642
A_550C,0.000838716,242.312
A_550C,0.000834099,250.336
A_550C,0.000831162,255.441
A_550C,0.00111255,266.385
A_550C,0.00110584,278.055
A_550C,0.0011008,286.808
A_550C,0.00129535,296.29
A_550C,0.00139199,302.125
A_550C,0.00148737,310.148
A_550C,0.00158359,316.713
A_550C,0.00165225,328.388
A_550C,0.00183154,342.978
A_550C,0.00198914,352.468
A_550C,0.00209684,360.489
A_550C,0.0021,369.241
A_550C,0.0021,376.535
A_550C,0.0021,392.582
A_550C,0.0021,402.064
A_550C,0.0021,418.84
A_550C,0.00216593,435.613
A_550C,0.00215628,452.389
A_550C,0.00214914,464.789
A_550C,0.00213823,483.753
A_550C,0.00241752,498.344
A_550C,0.00241123,509.284
A_550C,0.00240242,524.602
A_550C,0.00239444,538.46
A_550C,0.00239192,542.836
A_550C,0.00238773,550.13
A_550C,0.00238479,555.236
A_550C,0.00237933,564.718
A_550C,0.00237514,572.012
A_550C,0.00409831,577.133
A_550C,0.004672,580.055
A_550C,0.00697307,580.805
A_550C,0.00697265,581.534
A_550C,0.00840856,585.923
A_550C,0.0104177,593.964
A_550C,0.0121401,600.544
A_550C,0.0150123,608.592
A_550C,0.0170223,615.175
A_550C,0.0187472,617.378
A_550C,0.0207568,624.689
A_550C,0.0230537,632.733
A_550C,0.0265017,640.057
A_550C,0.0282261,642.99
A_550C,0.0293748,646.647
A_550C,0.030523,651.033
A_550C,0.0322474,653.966
A_550C,0.0339706,659.087
A_550C,0.0365573,663.486
A_550C,0.0397205,665.701
A_550C,0.0431698,670.837
A_550C,0.0463344,670.865
A_550C,0.0486329,675.991
A_550C,0.0517975,676.019
A_550C,0.0561115,678.245
A_550C,0.0610017,679.017
A_550C,0.0650297,678.323
A_550C,0.0676235,670.322
A_550C,0.0684874,668.871
A_550C,0.0710799,663.058
A_550C,0.0725217,657.236
A_550C,0.0742512,651.416
A_550C,0.0759828,641.949
A_550C,0.0777127,635.399
A_550C,0.0794417,630.309
A_550C,0.0814597,623.032
A_550C,0.0831909,614.295
A_550C,0.0840581,607.009
A_550C,0.0849237,602.64
A_550C,0.0866523,598.279
A_550C,0.0875183,593.18
A_550C,0.0889605,586.628
A_550C,0.0915543,578.628
A_550C,0.0915568,574.251
A_550C,0.092713,564.779
A_550C,0.0927164,558.944
A_550C,0.0938717,550.931
A_550C,0.0933006,543.632
A_550C,0.0933043,537.068
A_550C,0.0933098,527.585
A_550C,0.0933136,521.021
A_550C,0.0933173,514.456
A_550C,0.0941871,502.794
A_550C,0.0930389,498.407
A_550C,0.0933316,489.657
A_550C,0.0933354,483.093
A_550C,0.0933413,472.881
A_550C,0.0933497,458.293
A_550C,0.0933555,448.082
A_550C,0.0933597,440.788
A_550C,0.0933622,436.412
A_550C,0.0939452,423.288
A_550C,0.0939565,403.594
A_550C,0.0931031,386.811
A_550C,0.094261,374.421
A_550C,0.0931174,362.011
A_550C,0.0942815,338.681
A_550C,0.0931371,327.73
A_550C,0.0931405,321.895
A_550C,0.0934323,314.603
A_550C,0.0934437,294.91
A_550C,0.0934445,293.451
A_550C,0.0934508,282.51
A_550C,0.0934529,278.863
A_550C,0.0934613,264.275
A_550C,0.0934676,253.335
A_550C,0.0934756,239.476
A_550C,0.0934831,226.347
A_550C,0.0934911,212.489
A_550C,0.0934974,201.548
B_650C,0.000863476,199.278
B_650C,0.000861798,202.196
B_650C,0.000857601,209.49
B_650C,0.000853824,216.054
B_650C,0.00113647,224.809
B_650C,0.00141912,233.565
B_650C,0.00141157,246.694
B_650C,0.00140779,253.258
B_650C,0.00139814,270.034
B_650C,0.00139184,280.975
B_650C,0.00166946,298.483
B_650C,0.00166316,309.424
B_650C,0.00165813,318.176
B_650C,0.00165393,325.47
B_650C,0.00165057,331.305
B_650C,0.00164428,342.246
B_650C,0.0016363,356.105
B_650C,0.00162875,369.234
B_650C,0.00191182,377.26
B_650C,0.00190804,383.824
B_650C,0.00190636,386.742
B_650C,0.00190259,393.306
B_650C,0.00190259,398.412
B_650C,0.00190259,404.976
B_650C,0.00190259,413
B_650C,0.00190259,418.835
B_650C,0.00190259,426.129
B_650C,0.00245655,430.51
B_650C,0.00245278,437.075
B_650C,0.00244942,442.91
B_650C,0.0024448,450.933
B_650C,0.00244103,457.498
B_650C,0.00243725,464.062
B_650C,0.00243179,473.544
B_650C,0.00300255,481.573
B_650C,0.00299919,487.408
B_650C,0.00327974,499.81
B_650C,0.00385175,505.65
B_650C,0.00471271,509.305
B_650C,0.00614694,516.611
B_650C,0.00758243,521.729
B_650C,0.0098835,522.479
B_650C,0.0104601,520.296
B_650C,0.0107529,511.546
B_650C,0.0113261,515.198
B_650C,0.0118994,518.85
B_650C,0.0127625,518.857
B_650C,0.0147763,518.875
B_650C,0.0159308,512.32
B_650C,0.0159274,518.155
B_650C,0.0159236,524.72
B_650C,0.0170723,528.377
B_650C,0.0190819,535.689
B_650C,0.0210927,540.812
B_650C,0.0228147,548.121
B_650C,0.0236744,553.964
B_650C,0.0256844,560.546
B_650C,0.0282715,564.215
B_650C,0.0320067,572.271
B_650C,0.0334418,578.119
B_650C,0.0354527,583.242
B_650C,0.0377512,588.368
B_650C,0.0400498,593.494
B_650C,0.0434982,600.089
B_650C,0.0443609,600.826
B_650C,0.0466598,605.222
B_650C,0.0486724,607.428
B_650C,0.0509734,608.178
B_650C,0.0535597,613.306
B_650C,0.056148,614.788
B_650C,0.0575843,618.447
B_650C,0.0590228,618.46
B_650C,0.0610357,619.936
B_650C,0.0633372,619.956
B_650C,0.0650612,623.618
B_650C,0.0673623,624.368
B_650C,0.0696629,625.847
B_650C,0.0725385,628.06
B_650C,0.0731139,628.065
B_650C,0.0754145,629.544
B_650C,0.0774283,629.562
B_650C,0.0794421,629.579
B_650C,0.0820309,630.331
B_650C,0.08462,630.354
B_650C,0.0874969,630.379
B_650C,0.0918122,630.417
B_650C,0.0958398,630.452
B_650C,0.0984281,631.934
B_650C,0.100442,631.951
B_650C,0.103606,631.979
B_650C,0.106196,632.002
B_650C,0.10936,632.029
B_650C,0.113388,632.065
B_650C,0.116555,627.716
B_650C,0.120872,624.836
B_650C,0.124902,620.495
B_650C,0.127491,619.788
B_650C,0.130659,613.981
B_650C,0.13325,611.815
B_650C,0.136131,604.547
B_650C,0.139009,603.113
B_650C,0.141601,597.301
B_650C,0.146496,589.32
B_650C,0.148513,584.961
B_650C,0.15312,577.708
B_650C,0.155424,572.622
B_650C,0.158016,567.539
B_650C,0.160322,560.995
B_650C,0.164931,550.094
B_650C,0.165795,547.914
B_650C,0.169252,540.65
B_650C,0.171269,534.832
B_650C,0.177032,518.107
B_650C,0.178759,516.663
B_650C,0.179625,511.565
B_650C,0.181932,502.832
B_650C,0.183084,500.654
B_650C,0.1851,495.566
B_650C,0.188557,487.573
B_650C,0.189136,481.014
B_650C,0.191442,474.469
B_650C,0.192885,466.459
B_650C,0.193174,462.814
B_650C,0.196632,454.092
B_650C,0.196347,448.254
B_650C,0.196928,439.506
B_650C,0.196935,427.836
B_650C,0.195502,418.341
B_650C,0.19608,413.241
B_650C,0.196082,410.323
B_650C,0.196085,403.759
B_650C,0.196087,400.841
B_650C,0.19609,395.006
B_650C,0.196383,385.526
B_650C,0.196388,377.503
B_650C,0.19639,373.856
B_650C,0.195821,363.64
B_650C,0.195821,363.64
B_650C,0.195824,357.075
B_650C,0.195827,353.428
B_650C,0.195832,343.217
B_650C,0.195833,341.758
B_650C,0.19584,329.358
B_650C,0.19584,329.358
B_650C,0.195848,316.229
B_650C,0.195848,315.5
B_650C,0.195854,305.288
B_650C,0.195856,301.641
B_650C,0.195858,299.453
